-- MySQL dump 10.11
--
-- Host: localhost    Database: openmrs_development
-- ------------------------------------------------------
-- Server version	5.0.45-Debian_1ubuntu3-log

/*!40101 SET @OLD_CHARACTER_SET_CLIENT=@@CHARACTER_SET_CLIENT */;
/*!40101 SET @OLD_CHARACTER_SET_RESULTS=@@CHARACTER_SET_RESULTS */;
/*!40101 SET @OLD_COLLATION_CONNECTION=@@COLLATION_CONNECTION */;
/*!40101 SET NAMES utf8 */;
/*!40103 SET @OLD_TIME_ZONE=@@TIME_ZONE */;
/*!40103 SET TIME_ZONE='+00:00' */;
/*!40014 SET @OLD_UNIQUE_CHECKS=@@UNIQUE_CHECKS, UNIQUE_CHECKS=0 */;
/*!40014 SET @OLD_FOREIGN_KEY_CHECKS=@@FOREIGN_KEY_CHECKS, FOREIGN_KEY_CHECKS=0 */;
/*!40101 SET @OLD_SQL_MODE=@@SQL_MODE, SQL_MODE='NO_AUTO_VALUE_ON_ZERO' */;
/*!40111 SET @OLD_SQL_NOTES=@@SQL_NOTES, SQL_NOTES=0 */;

--
-- Table structure for table `form`
--

DROP TABLE IF EXISTS `form`;
CREATE TABLE `form` (
  `form_id` int(11) NOT NULL auto_increment,
  `name` varchar(255) NOT NULL default '',
  `version` varchar(50) NOT NULL default '',
  `build` int(11) default NULL,
  `published` tinyint(4) NOT NULL default '0',
  `description` text,
  `encounter_type` int(11) default NULL,
  `schema_namespace` varchar(255) default NULL,
  `template` mediumtext,
  `infopath_solution_version` varchar(50) default NULL,
  `uri` varchar(255) default NULL,
  `xslt` mediumtext,
  `creator` int(11) NOT NULL default '0',
  `date_created` datetime NOT NULL default '0000-00-00 00:00:00',
  `changed_by` int(11) default NULL,
  `date_changed` datetime default NULL,
  `retired` tinyint(1) NOT NULL default '0',
  `retired_by` int(11) default NULL,
  `date_retired` datetime default NULL,
  `retired_reason` varchar(255) default NULL,
  PRIMARY KEY  (`form_id`),
  KEY `user_who_created_form` (`creator`),
  KEY `user_who_last_changed_form` (`changed_by`),
  KEY `user_who_retired_form` (`retired_by`),
  KEY `encounter_type` (`encounter_type`),
  CONSTRAINT `form_encounter_type` FOREIGN KEY (`encounter_type`) REFERENCES `encounter_type` (`encounter_type_id`),
  CONSTRAINT `user_who_created_form` FOREIGN KEY (`creator`) REFERENCES `users` (`user_id`),
  CONSTRAINT `user_who_last_changed_form` FOREIGN KEY (`changed_by`) REFERENCES `users` (`user_id`),
  CONSTRAINT `user_who_retired_form` FOREIGN KEY (`retired_by`) REFERENCES `users` (`user_id`)
) ENGINE=InnoDB AUTO_INCREMENT=57 DEFAULT CHARSET=utf8;

--
-- Dumping data for table `form`
--

LOCK TABLES `form` WRITE;
/*!40000 ALTER TABLE `form` DISABLE KEYS */;
INSERT INTO `form` VALUES (47,'Height/Weight','',NULL,0,'',7,'','','','art_vitals','',8,'2006-12-01 23:14:02',10,'2007-07-01 01:39:31',0,NULL,NULL,''),(51,'HIV Staging','realtime',NULL,0,'',5,'','','','art_adult_staging','',8,'2006-12-19 10:21:22',8,'2007-07-01 12:44:24',0,NULL,NULL,''),(52,'HIV Staging','realtime',NULL,0,'',5,'','','','art_child_staging','',8,'2006-12-20 23:34:51',8,'2007-07-01 12:43:50',0,NULL,NULL,''),(53,'ART Visit','',NULL,0,'',2,'','','','art_followup','',8,'2007-03-16 14:09:36',10,'2007-07-01 01:39:32',0,NULL,NULL,''),(54,'HIV First visit','',NULL,0,'',1,'','','','art_initiation','',8,'2007-05-21 22:04:45',8,'2007-07-01 01:39:32',0,NULL,NULL,''),(55,'HIV Reception','',NULL,0,'',6,'','','','art_reception_check_in','',64,'2007-06-07 14:54:40',64,'2007-07-01 01:39:32',0,NULL,NULL,''),(56,'HIV Staging','multi_select',NULL,0,'',5,'','','','hiv_staging_retrospective','',8,'2007-06-30 23:05:37',8,'2007-07-01 12:43:22',0,NULL,NULL,'');
/*!40000 ALTER TABLE `form` ENABLE KEYS */;
UNLOCK TABLES;

--
-- Table structure for table `form_field`
--

DROP TABLE IF EXISTS `form_field`;
CREATE TABLE `form_field` (
  `form_field_id` int(11) NOT NULL auto_increment,
  `form_id` int(11) NOT NULL default '0',
  `field_id` int(11) NOT NULL default '0',
  `field_number` int(11) default NULL,
  `field_part` varchar(5) default NULL,
  `page_number` int(11) default NULL,
  `parent_form_field` int(11) default NULL,
  `min_occurs` int(11) default NULL,
  `max_occurs` int(11) default NULL,
  `required` tinyint(1) default NULL,
  `changed_by` int(11) default NULL,
  `date_changed` datetime default NULL,
  `creator` int(11) NOT NULL default '0',
  `date_created` datetime NOT NULL default '0000-00-00 00:00:00',
  PRIMARY KEY  (`form_field_id`),
  KEY `user_who_last_changed_form_field` (`changed_by`),
  KEY `field_within_form` (`field_id`),
  KEY `form_containing_field` (`form_id`),
  KEY `form_field_hierarchy` (`parent_form_field`),
  KEY `user_who_created_form_field` (`creator`),
  CONSTRAINT `field_within_form` FOREIGN KEY (`field_id`) REFERENCES `field` (`field_id`),
  CONSTRAINT `form_containing_field` FOREIGN KEY (`form_id`) REFERENCES `form` (`form_id`),
  CONSTRAINT `form_field_hierarchy` FOREIGN KEY (`parent_form_field`) REFERENCES `form_field` (`form_field_id`),
  CONSTRAINT `user_who_created_form_field` FOREIGN KEY (`creator`) REFERENCES `users` (`user_id`),
  CONSTRAINT `user_who_last_changed_form_field` FOREIGN KEY (`changed_by`) REFERENCES `users` (`user_id`)
) ENGINE=InnoDB AUTO_INCREMENT=718 DEFAULT CHARSET=utf8;

--
-- Dumping data for table `form_field`
--

LOCK TABLES `form_field` WRITE;
/*!40000 ALTER TABLE `form_field` DISABLE KEYS */;
INSERT INTO `form_field` VALUES (486,47,26,1,NULL,NULL,NULL,NULL,NULL,NULL,64,'2007-06-29 14:50:41',8,'2006-12-04 00:53:55'),(487,47,115,2,NULL,NULL,NULL,NULL,NULL,NULL,64,'2007-06-29 14:50:42',8,'2006-12-04 00:54:04'),(506,51,289,1,NULL,NULL,NULL,NULL,NULL,NULL,8,'2007-05-21 16:45:22',8,'2006-12-19 10:23:36'),(507,51,264,2,NULL,NULL,NULL,NULL,NULL,NULL,8,'2007-05-21 16:45:23',8,'2006-12-19 10:23:47'),(508,51,266,3,NULL,NULL,NULL,NULL,NULL,NULL,8,'2007-05-21 16:45:23',8,'2006-12-19 10:24:00'),(509,51,265,4,NULL,NULL,NULL,NULL,NULL,NULL,8,'2007-05-21 16:45:23',8,'2006-12-19 10:24:10'),(510,51,291,5,NULL,NULL,NULL,NULL,NULL,NULL,8,'2007-05-21 16:45:23',8,'2006-12-19 10:24:22'),(511,51,269,6,NULL,NULL,NULL,NULL,NULL,NULL,8,'2007-05-21 16:45:23',8,'2006-12-19 10:24:31'),(512,51,249,7,NULL,NULL,NULL,NULL,NULL,NULL,8,'2007-05-21 16:45:23',8,'2006-12-19 10:24:40'),(513,51,286,8,NULL,NULL,NULL,NULL,NULL,NULL,8,'2007-05-21 16:45:23',8,'2006-12-19 10:24:55'),(514,51,268,9,NULL,NULL,NULL,NULL,NULL,NULL,8,'2007-05-21 16:45:23',8,'2006-12-19 10:25:11'),(515,51,255,10,NULL,NULL,NULL,NULL,NULL,NULL,8,'2007-05-21 16:45:23',8,'2006-12-19 10:25:25'),(516,51,262,11,NULL,NULL,NULL,NULL,NULL,NULL,8,'2007-05-21 16:45:23',8,'2006-12-19 10:25:50'),(517,51,252,13,NULL,NULL,NULL,NULL,NULL,NULL,8,'2007-05-21 16:45:23',8,'2006-12-19 10:25:56'),(518,51,290,22,NULL,NULL,NULL,NULL,NULL,NULL,8,'2007-05-21 16:45:24',8,'2006-12-19 10:26:05'),(521,51,241,31,NULL,NULL,NULL,NULL,NULL,NULL,8,'2007-05-21 16:45:24',8,'2006-12-19 10:26:51'),(522,51,267,16,NULL,NULL,NULL,NULL,NULL,NULL,8,'2007-05-21 16:45:23',8,'2006-12-19 10:27:01'),(523,51,247,17,NULL,NULL,NULL,NULL,NULL,NULL,8,'2007-05-21 16:45:24',8,'2006-12-19 10:27:21'),(524,51,257,14,NULL,NULL,NULL,NULL,NULL,NULL,8,'2007-05-21 16:45:23',8,'2006-12-19 10:27:40'),(525,52,272,1,NULL,NULL,NULL,NULL,NULL,NULL,8,'2007-05-21 16:52:17',8,'2006-12-20 23:36:03'),(526,52,264,2,NULL,NULL,NULL,NULL,NULL,NULL,8,'2007-05-21 16:52:17',8,'2006-12-20 23:36:15'),(527,52,260,3,NULL,NULL,NULL,NULL,NULL,NULL,8,'2007-05-21 16:52:17',8,'2006-12-20 23:36:37'),(528,52,266,4,NULL,NULL,NULL,NULL,NULL,NULL,8,'2007-05-21 16:52:17',8,'2006-12-20 23:36:44'),(529,52,265,5,NULL,NULL,NULL,NULL,NULL,NULL,8,'2007-05-21 16:52:17',8,'2006-12-20 23:36:53'),(530,52,287,6,NULL,NULL,NULL,NULL,NULL,NULL,8,'2007-05-21 16:52:18',8,'2006-12-20 23:37:07'),(531,52,274,7,NULL,NULL,NULL,NULL,NULL,NULL,8,'2007-05-21 16:52:18',8,'2006-12-20 23:37:21'),(532,52,249,8,NULL,NULL,NULL,NULL,NULL,NULL,8,'2007-05-21 16:52:18',8,'2006-12-20 23:37:30'),(533,52,286,9,NULL,NULL,NULL,NULL,NULL,NULL,8,'2007-05-21 16:52:18',8,'2006-12-20 23:37:37'),(534,52,288,10,NULL,NULL,NULL,NULL,NULL,NULL,8,'2007-05-21 16:52:18',8,'2006-12-20 23:37:43'),(535,52,268,11,NULL,NULL,NULL,NULL,NULL,NULL,8,'2007-05-21 16:52:18',8,'2006-12-20 23:37:49'),(536,52,255,12,NULL,NULL,NULL,NULL,NULL,NULL,8,'2007-05-21 16:52:18',8,'2006-12-20 23:37:56'),(537,52,262,13,NULL,NULL,NULL,NULL,NULL,NULL,8,'2007-05-21 16:52:18',8,'2006-12-20 23:38:27'),(538,52,252,14,NULL,NULL,NULL,NULL,NULL,NULL,8,'2007-05-21 16:52:18',8,'2006-12-20 23:38:35'),(539,52,290,15,NULL,NULL,NULL,NULL,NULL,NULL,8,'2007-05-21 16:52:18',8,'2006-12-20 23:38:44'),(540,52,257,16,NULL,NULL,NULL,NULL,NULL,NULL,8,'2007-05-21 16:52:18',8,'2006-12-20 23:38:56'),(541,52,241,17,NULL,NULL,NULL,NULL,NULL,NULL,8,'2007-05-21 16:52:18',8,'2006-12-20 23:39:07'),(542,52,267,18,NULL,NULL,NULL,NULL,NULL,NULL,8,'2007-05-21 16:52:18',8,'2006-12-20 23:39:15'),(543,52,247,19,NULL,NULL,NULL,NULL,NULL,NULL,8,'2007-05-21 16:52:19',8,'2006-12-20 23:39:26'),(588,51,259,21,NULL,NULL,NULL,NULL,NULL,NULL,8,'2007-05-21 16:45:24',8,'2007-01-15 13:58:33'),(589,51,263,23,NULL,NULL,NULL,NULL,NULL,NULL,8,'2007-05-21 16:45:24',8,'2007-01-15 13:58:33'),(590,51,270,12,NULL,NULL,NULL,NULL,NULL,NULL,8,'2007-05-21 16:45:23',8,'2007-01-15 13:58:34'),(591,51,271,15,NULL,NULL,NULL,NULL,NULL,NULL,8,'2007-05-21 16:45:23',8,'2007-01-15 13:58:34'),(592,51,243,24,NULL,NULL,NULL,NULL,NULL,NULL,8,'2007-05-21 16:45:24',8,'2007-01-15 13:58:34'),(593,51,254,25,NULL,NULL,NULL,NULL,NULL,NULL,8,'2007-05-21 16:45:24',8,'2007-01-15 13:58:34'),(594,51,244,26,NULL,NULL,NULL,NULL,NULL,NULL,8,'2007-05-21 16:45:24',8,'2007-01-15 13:58:34'),(595,51,245,27,NULL,NULL,NULL,NULL,NULL,NULL,8,'2007-05-21 16:45:24',8,'2007-01-15 13:58:34'),(596,51,248,28,NULL,NULL,NULL,NULL,NULL,NULL,8,'2007-05-21 16:45:24',8,'2007-01-15 13:58:34'),(597,51,250,29,NULL,NULL,NULL,NULL,NULL,NULL,8,'2007-05-21 16:45:24',8,'2007-01-15 13:58:34'),(598,51,251,30,NULL,NULL,NULL,NULL,NULL,NULL,8,'2007-05-21 16:45:24',8,'2007-01-15 13:58:34'),(599,51,253,32,NULL,NULL,NULL,NULL,NULL,NULL,8,'2007-05-21 16:45:24',8,'2007-01-15 13:58:34'),(600,51,256,33,NULL,NULL,NULL,NULL,NULL,NULL,8,'2007-05-21 16:45:24',8,'2007-01-15 13:58:34'),(601,51,258,34,NULL,NULL,NULL,NULL,NULL,NULL,8,'2007-05-21 16:45:24',8,'2007-01-15 13:58:35'),(602,51,300,35,NULL,NULL,NULL,NULL,NULL,NULL,8,'2007-05-21 16:45:24',8,'2007-01-15 13:58:35'),(604,52,281,23,NULL,NULL,NULL,NULL,NULL,NULL,8,'2007-05-21 16:52:19',8,'2007-01-15 13:58:35'),(605,52,282,24,NULL,NULL,NULL,NULL,NULL,NULL,8,'2007-05-21 16:52:19',8,'2007-01-15 13:58:35'),(606,52,283,25,NULL,NULL,NULL,NULL,NULL,NULL,8,'2007-05-21 16:52:19',8,'2007-01-15 13:58:35'),(607,52,284,26,NULL,NULL,NULL,NULL,NULL,NULL,8,'2007-05-21 16:52:19',8,'2007-01-15 13:58:35'),(608,52,285,27,NULL,NULL,NULL,NULL,NULL,NULL,8,'2007-05-21 16:52:19',8,'2007-01-15 13:58:35'),(609,52,263,28,NULL,NULL,NULL,NULL,NULL,NULL,8,'2007-05-21 16:52:19',8,'2007-01-15 13:58:35'),(610,52,270,29,NULL,NULL,NULL,NULL,NULL,NULL,8,'2007-05-21 16:52:19',8,'2007-01-15 13:58:35'),(611,52,271,30,NULL,NULL,NULL,NULL,NULL,NULL,8,'2007-05-21 16:52:19',8,'2007-01-15 13:58:35'),(612,52,275,31,NULL,NULL,NULL,NULL,NULL,NULL,8,'2007-05-21 16:52:19',8,'2007-01-15 13:58:35'),(613,52,276,32,NULL,NULL,NULL,NULL,NULL,NULL,8,'2007-05-21 16:52:19',8,'2007-01-15 13:58:36'),(614,52,277,33,NULL,NULL,NULL,NULL,NULL,NULL,8,'2007-05-21 16:52:19',8,'2007-01-15 13:58:36'),(615,52,278,34,NULL,NULL,NULL,NULL,NULL,NULL,8,'2007-05-21 16:52:19',8,'2007-01-15 13:58:36'),(616,52,243,35,NULL,NULL,NULL,NULL,NULL,NULL,8,'2007-05-21 16:52:19',8,'2007-01-15 13:58:36'),(617,52,244,36,NULL,NULL,NULL,NULL,NULL,NULL,8,'2007-05-21 16:52:19',8,'2007-01-15 13:58:36'),(618,52,245,37,NULL,NULL,NULL,NULL,NULL,NULL,8,'2007-05-21 16:52:19',8,'2007-01-15 13:58:36'),(620,52,248,38,NULL,NULL,NULL,NULL,NULL,NULL,8,'2007-05-21 16:52:19',8,'2007-01-15 13:58:36'),(621,52,250,39,NULL,NULL,NULL,NULL,NULL,NULL,8,'2007-05-21 16:52:19',8,'2007-01-15 13:58:36'),(622,52,251,40,NULL,NULL,NULL,NULL,NULL,NULL,8,'2007-05-21 16:52:19',8,'2007-01-15 13:58:36'),(623,52,253,41,NULL,NULL,NULL,NULL,NULL,NULL,8,'2007-05-21 16:52:20',8,'2007-01-15 13:58:36'),(624,52,254,42,NULL,NULL,NULL,NULL,NULL,NULL,8,'2007-05-21 16:52:20',8,'2007-01-15 13:58:37'),(625,52,256,43,NULL,NULL,NULL,NULL,NULL,NULL,8,'2007-05-21 16:52:20',8,'2007-01-15 13:58:37'),(626,52,258,44,NULL,NULL,NULL,NULL,NULL,NULL,8,'2007-05-21 16:52:20',8,'2007-01-15 13:58:37'),(627,52,259,45,NULL,NULL,NULL,NULL,NULL,NULL,8,'2007-05-21 16:52:20',8,'2007-01-15 13:58:37'),(628,52,301,20,NULL,NULL,NULL,NULL,NULL,NULL,8,'2007-05-21 16:52:19',8,'2007-01-15 14:30:37'),(629,51,301,18,NULL,NULL,NULL,NULL,NULL,NULL,8,'2007-05-21 16:45:24',8,'2007-01-15 14:32:17'),(630,51,302,36,NULL,NULL,NULL,NULL,NULL,NULL,8,'2007-05-21 16:45:24',8,'2007-01-16 07:41:05'),(631,51,303,38,NULL,NULL,NULL,NULL,NULL,NULL,8,'2007-05-21 16:45:24',8,'2007-01-16 07:41:22'),(632,51,34,39,NULL,NULL,NULL,NULL,NULL,NULL,8,'2007-05-21 16:45:24',8,'2007-01-16 07:41:32'),(633,51,304,37,NULL,NULL,NULL,NULL,NULL,NULL,8,'2007-05-21 16:45:24',8,'2007-01-16 07:41:43'),(635,52,302,46,NULL,NULL,NULL,NULL,NULL,NULL,8,'2007-05-21 16:52:20',8,'2007-01-16 07:46:10'),(636,52,303,48,NULL,NULL,NULL,NULL,NULL,NULL,8,'2007-05-21 16:52:20',8,'2007-01-16 07:46:20'),(637,52,34,49,NULL,NULL,NULL,NULL,NULL,NULL,8,'2007-05-21 16:52:20',8,'2007-01-16 07:46:45'),(638,52,304,47,NULL,NULL,NULL,NULL,NULL,NULL,8,'2007-05-21 16:52:20',8,'2007-01-16 07:46:57'),(639,52,305,50,NULL,NULL,NULL,NULL,NULL,NULL,8,'2007-05-21 16:52:20',8,'2007-01-16 07:47:17'),(640,52,304,51,NULL,NULL,NULL,NULL,NULL,NULL,8,'2007-05-21 16:52:20',8,'2007-01-16 07:47:29'),(641,52,306,52,NULL,NULL,NULL,NULL,NULL,NULL,8,'2007-05-21 16:52:20',8,'2007-01-16 07:47:44'),(642,52,53,53,NULL,NULL,NULL,NULL,NULL,NULL,8,'2007-05-21 16:52:20',8,'2007-01-16 07:47:57'),(644,47,307,4,NULL,NULL,NULL,NULL,NULL,NULL,64,'2007-06-29 14:50:42',10,'2007-02-08 15:35:24'),(646,51,307,40,NULL,NULL,NULL,NULL,NULL,NULL,8,'2007-05-21 16:45:24',10,'2007-02-08 15:38:19'),(647,52,307,54,NULL,NULL,NULL,NULL,NULL,NULL,8,'2007-05-21 16:52:20',10,'2007-02-08 15:38:54'),(658,53,312,11,NULL,NULL,NULL,NULL,NULL,NULL,64,'2007-07-03 09:29:17',8,'2007-03-16 14:22:53'),(659,53,313,12,NULL,NULL,NULL,NULL,NULL,NULL,64,'2007-07-03 09:29:17',8,'2007-03-16 22:34:59'),(660,53,314,14,NULL,NULL,NULL,NULL,NULL,NULL,64,'2007-07-03 09:29:17',8,'2007-03-16 22:35:15'),(661,53,315,15,NULL,NULL,NULL,NULL,NULL,NULL,64,'2007-07-03 09:29:17',8,'2007-03-16 22:48:24'),(662,53,37,16,NULL,NULL,NULL,NULL,NULL,NULL,64,'2007-07-03 09:29:17',8,'2007-03-16 22:50:24'),(663,53,317,18,NULL,NULL,NULL,NULL,NULL,NULL,64,'2007-07-03 09:29:17',8,'2007-03-16 23:01:56'),(664,53,318,19,NULL,NULL,NULL,NULL,NULL,NULL,64,'2007-07-03 09:29:17',8,'2007-03-16 23:05:42'),(665,53,319,20,NULL,NULL,NULL,NULL,NULL,NULL,64,'2007-07-03 09:29:17',8,'2007-03-16 23:05:49'),(666,53,50,22,NULL,NULL,NULL,NULL,NULL,NULL,64,'2007-07-03 09:29:17',8,'2007-03-16 23:05:59'),(667,53,311,23,NULL,NULL,NULL,NULL,NULL,NULL,64,'2007-07-03 09:29:17',8,'2007-03-16 23:06:08'),(668,53,299,21,NULL,NULL,NULL,NULL,NULL,NULL,64,'2007-07-03 09:29:17',8,'2007-03-16 23:06:56'),(669,53,320,24,NULL,NULL,NULL,NULL,NULL,NULL,64,'2007-07-03 09:29:17',8,'2007-03-16 23:08:44'),(670,53,316,17,NULL,NULL,NULL,NULL,NULL,NULL,64,'2007-07-03 09:29:17',8,'2007-03-19 07:32:34'),(671,53,105,2,NULL,NULL,NULL,NULL,NULL,NULL,64,'2007-07-03 09:29:16',8,'2007-03-19 07:40:49'),(672,53,106,3,NULL,NULL,NULL,NULL,NULL,NULL,64,'2007-07-03 09:29:16',8,'2007-03-19 07:40:57'),(673,53,111,4,NULL,NULL,NULL,NULL,NULL,NULL,64,'2007-07-03 09:29:16',8,'2007-03-19 07:41:03'),(674,53,112,5,NULL,NULL,NULL,NULL,NULL,NULL,64,'2007-07-03 09:29:16',8,'2007-03-19 07:41:11'),(675,53,110,6,NULL,NULL,NULL,NULL,NULL,NULL,64,'2007-07-03 09:29:16',8,'2007-03-19 07:41:17'),(676,53,109,7,NULL,NULL,NULL,NULL,NULL,NULL,64,'2007-07-03 09:29:16',8,'2007-03-19 07:41:23'),(677,53,108,8,NULL,NULL,NULL,NULL,NULL,NULL,64,'2007-07-03 09:29:16',8,'2007-03-19 07:41:30'),(678,53,107,9,NULL,NULL,NULL,NULL,NULL,NULL,64,'2007-07-03 09:29:16',8,'2007-03-19 07:41:36'),(679,53,308,10,NULL,NULL,NULL,NULL,NULL,NULL,64,'2007-07-03 09:29:16',8,'2007-03-19 07:41:45'),(680,53,321,13,NULL,NULL,NULL,NULL,NULL,NULL,64,'2007-07-03 09:29:17',8,'2007-05-04 15:43:34'),(681,53,307,26,NULL,NULL,NULL,NULL,NULL,NULL,64,'2007-07-03 09:29:17',10,'2007-05-11 11:15:06'),(685,51,323,19,NULL,NULL,NULL,NULL,NULL,NULL,8,'2007-05-21 16:45:24',8,'2007-05-21 16:26:06'),(687,51,322,20,NULL,NULL,NULL,NULL,NULL,NULL,8,'2007-05-21 16:45:24',8,'2007-05-21 16:26:34'),(688,52,323,21,NULL,NULL,NULL,NULL,NULL,NULL,8,'2007-05-21 16:52:19',8,'2007-05-21 16:28:28'),(689,52,322,22,NULL,NULL,NULL,NULL,NULL,NULL,8,'2007-05-21 16:52:19',8,'2007-05-21 16:28:41'),(690,54,324,6,NULL,NULL,NULL,NULL,NULL,NULL,8,'2007-07-01 22:11:58',8,'2007-05-21 22:06:59'),(691,54,325,7,NULL,NULL,NULL,NULL,NULL,NULL,8,'2007-07-01 22:11:58',8,'2007-05-21 22:07:10'),(692,54,326,8,NULL,NULL,NULL,NULL,NULL,NULL,8,'2007-07-01 22:11:58',8,'2007-05-21 22:07:19'),(693,54,117,11,NULL,NULL,NULL,NULL,NULL,NULL,8,'2007-07-01 22:11:58',8,'2007-05-21 22:07:46'),(694,54,28,3,NULL,NULL,NULL,NULL,NULL,NULL,8,'2007-07-01 22:11:58',8,'2007-05-21 22:07:57'),(695,54,116,12,NULL,NULL,NULL,NULL,NULL,NULL,8,'2007-07-01 22:11:58',8,'2007-05-21 22:08:10'),(696,54,27,2,NULL,NULL,NULL,NULL,NULL,NULL,8,'2007-07-01 22:11:58',8,'2007-05-21 22:08:20'),(697,54,36,4,NULL,NULL,NULL,NULL,NULL,NULL,8,'2007-07-01 22:11:58',8,'2007-05-21 22:09:48'),(698,54,298,13,NULL,NULL,NULL,NULL,NULL,NULL,8,'2007-07-01 22:11:58',8,'2007-05-21 22:09:56'),(699,54,297,14,NULL,NULL,NULL,NULL,NULL,NULL,8,'2007-07-01 22:11:58',8,'2007-05-21 22:10:03'),(700,54,24,1,NULL,NULL,NULL,NULL,NULL,NULL,8,'2007-07-01 22:11:58',8,'2007-05-21 22:10:18'),(701,54,307,15,NULL,NULL,NULL,NULL,NULL,NULL,8,'2007-07-01 22:11:58',8,'2007-05-21 22:10:30'),(703,53,293,1,NULL,NULL,NULL,NULL,NULL,NULL,64,'2007-07-03 09:29:16',29,'2007-05-24 12:25:34'),(704,55,327,145,NULL,NULL,NULL,NULL,NULL,NULL,64,'2007-06-07 14:55:01',64,'2007-06-07 14:55:01'),(705,55,328,146,NULL,NULL,NULL,NULL,NULL,NULL,64,'2007-06-07 14:55:12',64,'2007-06-07 14:55:12'),(706,53,329,25,NULL,NULL,NULL,NULL,NULL,NULL,64,'2007-07-03 09:29:17',64,'2007-06-11 13:50:42'),(709,54,331,5,NULL,NULL,NULL,NULL,NULL,NULL,8,'2007-07-01 22:11:58',64,'2007-06-28 10:23:36'),(710,54,332,10,NULL,NULL,NULL,NULL,NULL,NULL,8,'2007-07-01 22:11:58',64,'2007-06-28 10:24:13'),(711,54,333,9,NULL,NULL,NULL,NULL,NULL,NULL,8,'2007-07-01 22:11:58',64,'2007-06-28 10:25:25'),(712,47,335,3,NULL,NULL,NULL,NULL,NULL,NULL,64,'2007-06-29 14:50:42',64,'2007-06-29 14:49:27'),(713,56,302,147,NULL,NULL,NULL,NULL,NULL,NULL,8,'2007-07-01 02:15:45',8,'2007-07-01 02:15:45'),(714,56,304,148,NULL,NULL,NULL,NULL,NULL,NULL,8,'2007-07-01 02:15:55',8,'2007-07-01 02:15:55'),(716,56,34,150,NULL,NULL,NULL,NULL,NULL,NULL,8,'2007-07-01 02:16:20',8,'2007-07-01 02:16:20'),(717,56,307,151,NULL,NULL,NULL,NULL,NULL,NULL,8,'2007-07-01 02:16:31',8,'2007-07-01 02:16:31');
/*!40000 ALTER TABLE `form_field` ENABLE KEYS */;
UNLOCK TABLES;

--
-- Table structure for table `field`
--

DROP TABLE IF EXISTS `field`;
CREATE TABLE `field` (
  `field_id` int(11) NOT NULL auto_increment,
  `name` varchar(255) NOT NULL default '',
  `description` text,
  `field_type` int(11) default NULL,
  `concept_id` int(11) default NULL,
  `table_name` varchar(50) default NULL,
  `attribute_name` varchar(50) default NULL,
  `default_value` text,
  `select_multiple` tinyint(1) NOT NULL default '0',
  `creator` int(11) NOT NULL default '0',
  `date_created` datetime NOT NULL default '0000-00-00 00:00:00',
  `changed_by` int(11) default NULL,
  `date_changed` datetime default NULL,
  PRIMARY KEY  (`field_id`),
  KEY `concept_for_field` (`concept_id`),
  KEY `user_who_changed_field` (`changed_by`),
  KEY `user_who_created_field` (`creator`),
  KEY `type_of_field` (`field_type`),
  CONSTRAINT `concept_for_field` FOREIGN KEY (`concept_id`) REFERENCES `concept` (`concept_id`),
  CONSTRAINT `type_of_field` FOREIGN KEY (`field_type`) REFERENCES `field_type` (`field_type_id`),
  CONSTRAINT `user_who_changed_field` FOREIGN KEY (`changed_by`) REFERENCES `users` (`user_id`),
  CONSTRAINT `user_who_created_field` FOREIGN KEY (`creator`) REFERENCES `users` (`user_id`)
) ENGINE=InnoDB AUTO_INCREMENT=336 DEFAULT CHARSET=utf8;

--
-- Dumping data for table `field`
--

LOCK TABLES `field` WRITE;
/*!40000 ALTER TABLE `field` DISABLE KEYS */;
INSERT INTO `field` VALUES (21,'Recipient of medication','',2,98,'','','',0,1,'2006-10-19 17:23:40',1,'2006-11-08 11:04:46'),(24,'Agrees to be visited at home','',2,1,'','','',0,1,'2006-10-23 12:04:20',8,'2006-12-28 15:37:02'),(26,'Height','',1,6,'','','',0,1,'2006-10-23 12:04:35',1,'2006-11-08 11:19:40'),(27,'Date of first positive HIV test','',5,7,'','','',0,1,'2006-10-23 12:04:37',1,'2006-11-08 11:04:46'),(28,'Location of first positive HIV test','',10,8,'','','',0,1,'2006-10-23 12:04:39',1,'2006-11-15 10:47:46'),(30,'Mycobacterium tuberculosis, extrapulmonary',NULL,2,10,NULL,NULL,NULL,0,1,'2006-10-23 12:04:42',1,'2006-11-08 11:04:46'),(32,'WHO stage','',9,12,'','','',0,1,'2006-10-23 12:04:43',1,'2006-11-08 11:04:47'),(34,'Lab CD4 CD4 count','',1,14,'','','',0,1,'2006-10-23 12:04:46',8,'2007-01-16 12:03:13'),(35,'Reason antiretrovirals started',NULL,2,15,NULL,NULL,NULL,0,1,'2006-10-23 12:04:48',1,'2006-11-08 11:04:47'),(36,'Referred by PMTCT','',2,17,'','','',0,1,'2006-10-23 12:05:26',1,'2006-11-08 11:56:51'),(37,'ARV regimen',NULL,2,18,NULL,NULL,NULL,0,1,'2006-10-23 12:05:27',1,'2006-11-08 11:04:47'),(39,'ARV formulation',NULL,2,20,NULL,NULL,NULL,0,1,'2006-10-23 12:05:30',1,'2006-11-08 11:04:47'),(41,'Number of ARV tablets dispensed',NULL,1,22,NULL,NULL,NULL,0,1,'2006-10-23 12:05:31',1,'2006-11-08 11:04:47'),(42,'Lymphocyte count',NULL,1,23,NULL,NULL,NULL,0,1,'2006-10-23 12:05:31',1,'2006-11-08 11:04:47'),(47,'Outcome status','',2,28,'','','',0,1,'2006-10-23 12:05:36',8,'2006-11-20 07:15:58'),(50,'Prescribe Cotrimoxazole (CPT)','',2,358,'','','',0,1,'2006-10-23 12:05:38',8,'2007-02-27 15:15:46'),(51,'Number of CPT tablets dispensed',NULL,1,32,NULL,NULL,NULL,0,1,'2006-10-23 12:05:39',1,'2006-11-08 11:04:47'),(53,'Lab CD4 CD4 percentage','',1,34,'','','',0,1,'2006-10-23 12:05:40',8,'2007-01-16 12:03:24'),(105,'Is able to walk unaided','',2,88,'','','',0,1,'2006-11-03 10:48:38',8,'2007-02-22 16:05:30'),(106,'Is at work/school','',2,89,'','','',0,1,'2006-11-03 10:48:59',1,'2006-11-08 11:04:49'),(107,'Anaemia','',2,96,'','','',0,1,'2006-11-03 11:55:08',1,'2006-11-08 11:04:49'),(108,'Lipodystrophy','',2,95,'','','',0,1,'2006-11-03 11:55:08',1,'2006-11-08 11:04:49'),(109,'Lactic acidosis','',2,94,'','','',0,1,'2006-11-03 11:55:08',1,'2006-11-08 11:04:49'),(110,'Skin rash','',2,93,'','','',0,1,'2006-11-03 11:55:09',1,'2006-11-08 11:04:49'),(111,'Peripheral neuropathy','',2,91,'','','',0,1,'2006-11-03 11:55:09',1,'2006-11-08 11:04:49'),(112,'Hepatitis','',2,92,'','','',0,1,'2006-11-03 11:55:09',1,'2006-11-08 11:04:49'),(113,'Total number of whole ARV tablets remaining','',1,97,'','','',0,1,'2006-11-03 14:23:42',8,'2007-02-27 12:19:33'),(114,'Guardian','',7,30,'Relationship','','',0,1,'2006-11-04 12:14:16',8,'2006-11-19 22:54:17'),(115,'Weight','',1,100,'','','',0,1,'2006-11-04 12:49:49',1,'2006-11-08 11:19:54'),(116,'Location of ART initiation','',10,142,'','','',0,1,'2006-11-15 10:21:33',1,'2006-11-15 10:47:57'),(117,'Date of ART initiation','',5,143,'','','',0,1,'2006-11-15 10:30:39',1,'2006-11-15 10:30:39'),(240,'Asymptomatic',NULL,2,268,NULL,NULL,NULL,0,8,'2006-11-16 22:38:48',1,'2006-11-16 22:39:50'),(241,'Examination Nodes Persistent Generalised lymphadenopathy','',2,269,'','','',0,8,'2006-11-16 22:38:49',8,'2007-01-11 15:51:54'),(243,'Examination+Investigation Respiratory-tract Pneumocystis carinii pneumonia','',2,271,'','','',0,8,'2006-11-16 22:38:52',8,'2007-01-11 15:52:22'),(244,'History+Examination CNS Toxoplasmosis of the brain','',2,272,'','','',0,8,'2006-11-16 22:38:54',8,'2007-01-11 14:42:23'),(245,'Examination+Investigation GI-tract Cryptosporidiosis or Isosporiasis ','',2,273,'','','',0,8,'2006-11-16 22:38:55',8,'2007-01-11 15:52:59'),(246,'Recurrent severe presumed pneumonia ',NULL,2,274,NULL,NULL,NULL,0,8,'2006-11-16 22:38:57',1,'2006-11-16 22:40:11'),(247,'History+Examination CNS Cryptococcosis, extrapulmonary (e.g. cryptococcal meningitis)','',2,275,'','','',0,8,'2006-11-16 22:38:58',8,'2007-01-11 14:40:53'),(248,'History+Examination General Cytomegalovirus of an organ other than liver, spleen or lymph node','',2,276,'','','',0,8,'2006-11-16 22:38:59',8,'2007-01-11 14:43:55'),(249,'History+Examination Skin+General Herpes simplex infection, mucocutaneous for more than 1 month or visceral','',2,277,'','','',0,8,'2006-11-16 22:39:00',8,'2007-01-11 14:45:17'),(250,'History+Examination CNS Progressive multifocal leucoencephalopathy','',2,278,'','','',0,8,'2006-11-16 22:39:01',8,'2007-01-11 14:46:23'),(251,'Examination General Disseminated endemic mycosis','',2,279,'','','',0,8,'2006-11-16 22:39:03',8,'2007-01-11 14:47:23'),(252,'History+Examination GI-tract Candidiasis of oesophagus, trachea, bronchus','',2,280,'','','',0,8,'2006-11-16 22:39:04',8,'2007-01-11 14:48:30'),(253,'History+Examination Respiratory-tract Atypical mycobacteriosis, disseminated or lung','',2,281,'','','',0,8,'2006-11-16 22:39:05',8,'2007-01-11 14:49:37'),(254,'History+Examination General Recurrent bacteraemia or sepsis with NTS','',2,282,'','','',0,8,'2006-11-16 22:39:06',8,'2007-01-11 14:50:59'),(255,'History+Examination General Extrapulmonary tuberculosis (EPTB) ','',2,283,'','','',0,8,'2006-11-16 22:39:08',8,'2007-01-11 14:51:30'),(256,'History+Examination General Lymphoma (cerebral or B-cell Non Hodgkin)','',2,284,'','','',0,8,'2006-11-16 22:39:09',8,'2007-01-11 14:51:59'),(257,'Examination Skin Kaposi\'s sarcoma','',2,285,'','','',0,8,'2006-11-16 22:39:10',8,'2007-01-11 14:52:16'),(258,'History+Examination CNS HIV encephalopathy','',2,286,'','','',0,8,'2006-11-16 22:39:11',8,'2007-01-11 14:52:52'),(259,'History+Examination Genital Cancer of cervix','',2,287,'','','',0,8,'2006-11-16 22:39:13',8,'2007-01-11 15:28:55'),(260,'Examination Weight+Height Unexplained severe wasting, stunting or malnutrition not responding to treatment','',2,288,'','','',0,8,'2006-11-16 22:39:14',8,'2007-01-11 15:01:26'),(261,'History+Examination Infections Recurrent severe presumed bacterial infections (eg empyema, sepsis, meningitis, bone or joint)','',2,289,'','','',0,8,'2006-11-16 22:39:15',8,'2007-01-11 15:11:07'),(262,'Examination Mouth Oral candidiasis (thrush)','',2,290,'','','',0,8,'2006-11-16 22:39:16',8,'2007-01-11 15:00:24'),(263,'Examination Mouth Oral hairy leukoplakia ','',2,291,'','','',0,8,'2006-11-16 22:39:18',8,'2007-01-11 15:29:39'),(264,'History+Examination Weight Weight loss more than 10%','',2,292,'','','',0,8,'2006-11-16 22:39:19',28,'2007-02-01 10:10:07'),(265,'History Diarrhoea Chronic diarrhoea for  more than 1 month','',2,293,'','','',0,8,'2006-11-16 22:39:20',8,'2007-01-11 15:30:58'),(266,'History Fever Prolonged fever (intermittent or constant) for more than 1 month ','',2,294,'','','',0,8,'2006-11-16 22:39:21',8,'2007-01-11 15:31:29'),(267,'History+Examination TB Active Pulmonary Tuberculosis ','',2,295,'','','',0,8,'2006-11-16 22:39:23',8,'2007-01-11 15:32:05'),(268,'History TB PTB within the past 2 years','',2,296,'','','',0,8,'2006-11-16 22:39:24',8,'2007-01-11 15:32:49'),(269,'History+Examination Infections Severe bacterial infections (eg pneumonia, pyomyositis, sepsis)','',2,297,'','','',0,8,'2006-11-16 22:39:25',8,'2007-01-11 15:33:32'),(270,'Examination Mouth Acute ulcerative mouth infections','',2,298,'','','',0,8,'2006-11-16 22:39:26',8,'2007-01-11 15:33:58'),(271,'Investigations Lab Unexplained anaemia, neutropenia or thrombocytopenia','',2,299,'','','',0,8,'2006-11-16 22:39:28',8,'2007-01-11 15:34:49'),(272,'Examination Weight+Height Moderate unexplained malnutrition','',2,300,'','','',0,8,'2006-11-16 22:39:29',8,'2007-01-11 15:35:26'),(273,'Examination General TB lymphadenopathy','',2,303,'','','',0,8,'2006-11-16 22:39:30',8,'2007-01-11 15:36:14'),(274,'History+Examination Pneumonia Severe recurrent bacterial pneumonia','',2,302,'','','',0,8,'2006-11-16 22:39:31',8,'2007-01-11 15:37:40'),(275,'Examination+Investigation Pneumonia Symptomatic lymphoid interstitial pneumonia','',2,303,'','','',0,8,'2006-11-16 22:39:33',8,'2007-01-11 15:39:42'),(276,'Examination+Investigation Lung Chronic HIV lung disease, including bronchiectasis','',2,304,'','','',0,8,'2006-11-16 22:39:34',8,'2007-01-11 15:40:30'),(277,'Examination+Investigation Heart HIV-associated cardiomyopathy','',2,305,'','','',0,8,'2006-11-16 22:39:35',8,'2007-01-11 15:41:21'),(278,'Examination+Investigation Kidney HIV-associated nephropathy','',2,306,'','','',0,8,'2006-11-16 22:39:37',8,'2007-01-11 15:42:03'),(279,'History+Examination Abdomen Unexplained persistent hepatomegaly and splenomegaly','',2,307,'','','',0,8,'2006-11-16 22:39:38',8,'2007-01-11 15:42:58'),(280,'Examination Skin Papular itchy skin eruptions','',2,308,'','','',0,8,'2006-11-16 22:39:39',8,'2007-01-11 15:43:28'),(281,'Examination Skin Extensive wart virus infection','',2,309,'','','',0,8,'2006-11-16 22:39:40',8,'2007-01-11 15:43:45'),(282,'Examination Skin Extensive molluscum contagiosum','',2,310,'','','',0,8,'2006-11-16 22:39:42',8,'2007-01-11 15:44:18'),(283,'History+Examination Mouth Recurrent oral ulcerations','',2,311,'','','',0,8,'2006-11-16 22:39:43',8,'2007-01-11 15:44:42'),(284,'History+Examination Head Unexplained persistent parotid gland enlargement','',2,312,'','','',0,8,'2006-11-16 22:39:44',8,'2007-01-11 15:45:36'),(285,'Examination Mouth Lineal gingival erythema','',2,313,'','','',0,8,'2006-11-16 22:39:45',8,'2007-01-11 15:46:16'),(286,'History+Examination Skin Herpes zoster (shingles)','',2,314,'','','',0,8,'2006-11-16 22:39:47',8,'2007-01-11 15:46:55'),(287,'History+Examination Respiratory-tract Recurrent or chronic respiratory tract infections (sinusitis, otorrhoea, tonsillitis, otitis media)','',2,315,'','','',0,8,'2006-11-16 22:39:48',8,'2007-01-11 15:47:56'),(288,'Examination Hands+Feet Fungal nail infections','',2,316,'','','',0,8,'2006-11-16 22:39:49',8,'2007-01-11 15:48:34'),(289,'History+Examination Weight Unintentional weight loss in the absence of concurrent illness','',2,317,'','','',0,8,'2006-11-16 22:39:53',8,'2007-01-25 10:23:31'),(290,'Examination Skin Minor mucocutaneous manifestations (seborrheic dermatitis, prurigo, fungal nail infections, recurrent oral ulcerations, angular cheilitis)','',2,318,'','','',0,8,'2006-11-16 22:39:54',8,'2007-01-11 15:50:07'),(291,'History+Examination Respiratory-tract Recurrent upper respiratory tract infections (e.g. bacterial sinusitis)','',2,319,'','','',0,8,'2006-11-16 22:39:56',8,'2007-01-11 15:50:58'),(292,'Received insecticide treated net (ITN)','',2,326,'','','',0,8,'2006-11-20 09:38:13',8,'2006-11-20 09:38:13'),(293,'Pregnant','',2,328,'','','',0,8,'2006-11-23 07:54:22',8,'2006-11-23 07:54:22'),(294,'Other adult stage defining conditions','',11,335,'','','',1,8,'2006-12-02 18:14:30',8,'2006-12-02 18:15:16'),(295,'Other pediatric stage defining conditions','',11,334,'','','',1,8,'2006-12-02 18:15:13',8,'2006-12-02 18:45:09'),(296,'Temperature','',1,336,'','','',0,8,'2006-12-04 15:47:05',8,'2006-12-04 15:47:05'),(297,'Weight when ART was started','',1,100,'','','',0,8,'2006-12-07 22:55:45',8,'2006-12-07 22:55:45'),(298,'Height when ART was started','',1,6,'','','',0,8,'2006-12-07 22:56:17',8,'2006-12-07 22:56:17'),(299,'Prescription time period','',1,345,'','','',0,8,'2006-12-10 23:42:37',8,'2007-03-16 23:06:46'),(300,'Examination General Visceral leishmaniasis','',2,347,'','','',0,8,'2007-01-11 15:58:03',8,'2007-01-11 15:58:03'),(301,'Perform extended staging','',2,348,'','','',0,8,'2007-01-15 14:29:51',8,'2007-01-15 14:29:51'),(302,'Lab CD4 CD4 count available','',2,349,'','','',0,8,'2007-01-15 23:34:45',8,'2007-01-16 12:03:28'),(303,'Lab CD4 CD4 count less than 250','',2,321,'','','',0,8,'2007-01-15 23:35:23',8,'2007-01-16 12:03:36'),(304,'Lab CD4 Most recent sample collection date','',5,351,'','','',0,8,'2007-01-15 23:35:59',8,'2007-02-01 09:16:53'),(305,'Lab CD4 CD4 percentage available','',2,350,'','','',0,8,'2007-01-16 07:38:05',8,'2007-01-16 12:03:54'),(306,'Lab CD4 CD4 percentage less than 25','',2,352,'','','',0,8,'2007-01-16 07:38:40',8,'2007-01-16 12:04:02'),(307,'Provider',NULL,4,354,NULL,NULL,NULL,0,10,'2007-02-08 14:46:36',10,'2007-02-08 14:46:36'),(308,'Other side effect','',2,355,'','','',0,8,'2007-02-22 15:13:06',8,'2007-02-22 15:13:06'),(309,'Prescribe ARV starter pack','',2,356,'','','',0,8,'2007-02-27 14:54:49',8,'2007-02-27 15:08:09'),(310,'Prescribe Triomune (d4T, 3TC, NVP)','',2,357,'','','',0,8,'2007-02-27 15:07:19',8,'2007-02-27 15:07:55'),(311,'Prescribe Insecticide Treated Net (ITN)','',2,359,'','','',0,8,'2007-02-27 15:09:58',8,'2007-02-27 15:09:58'),(312,'Whole tablets remaining and brought to clinic','',1,363,'','','',0,8,'2007-03-16 14:21:23',8,'2007-03-16 14:21:23'),(313,'Whole tablets remaining but not brought to clinic','',1,364,'','','',0,8,'2007-03-16 14:22:21',8,'2007-03-16 14:22:21'),(314,'Refer patient to clinician',NULL,2,366,NULL,NULL,NULL,0,8,'2007-03-16 22:30:06',8,'2007-03-16 22:30:06'),(315,'Continue ART',NULL,2,367,NULL,NULL,NULL,0,8,'2007-03-16 22:45:26',8,'2007-03-16 22:45:26'),(316,'Prescribe recommended dosage','',2,368,'','','',0,8,'2007-03-16 22:53:35',8,'2007-03-19 07:38:44'),(317,'Stavudine dosage',NULL,4,369,NULL,NULL,NULL,0,8,'2007-03-16 23:00:15',8,'2007-03-16 23:00:15'),(318,'Morning dose',NULL,4,370,NULL,NULL,NULL,0,8,'2007-03-16 23:04:35',8,'2007-03-16 23:04:35'),(319,'Evening dose',NULL,4,371,NULL,NULL,NULL,0,8,'2007-03-16 23:04:52',8,'2007-03-16 23:04:52'),(320,'Continue treatment at current clinic',NULL,2,372,NULL,NULL,NULL,0,8,'2007-03-16 23:08:23',8,'2007-03-16 23:08:23'),(321,'Provider shown adherence data',NULL,2,388,NULL,NULL,NULL,0,8,'2007-05-04 15:32:35',8,'2007-05-04 15:32:35'),(322,'Extended Staging Unspecified stage 4 condition','',2,393,'','','',0,8,'2007-05-21 15:45:12',8,'2007-05-21 16:46:47'),(323,'Extended Staging Unspecified stage 3 condition','',2,392,'','','',0,8,'2007-05-21 15:45:35',8,'2007-05-21 16:46:45'),(324,'Ever received ART','',2,394,'','','',0,8,'2007-05-21 21:54:53',64,'2007-06-28 10:34:30'),(325,'Taken ART in last 2 weeks',NULL,2,395,NULL,NULL,NULL,0,8,'2007-05-21 21:56:33',8,'2007-05-21 21:56:33'),(326,'Has transfer letter',NULL,2,396,NULL,NULL,NULL,0,8,'2007-05-21 22:03:34',8,'2007-05-21 22:03:34'),(327,'Guardian present',NULL,2,398,NULL,NULL,NULL,0,64,'2007-06-07 14:53:19',64,'2007-06-07 14:53:19'),(328,'Patient present',NULL,2,399,NULL,NULL,NULL,0,64,'2007-06-07 14:53:47',64,'2007-06-07 14:53:47'),(329,'Transfer out destination','',10,389,'','','',0,64,'2007-06-11 13:48:24',64,'2007-06-11 14:17:51'),(330,'Transfer in location','',10,402,'','','',0,64,'2007-06-28 09:46:10',64,'2007-06-28 09:49:03'),(331,'Ever registered at ART clinic','',2,403,'','','',0,64,'2007-06-28 10:16:10',64,'2007-06-28 10:34:07'),(332,'ARV number at that site','',1,404,'','','',0,64,'2007-06-28 10:17:14',8,'2007-07-01 19:43:49'),(333,'Site transferred from','',10,402,'','','',0,64,'2007-06-28 10:24:59',64,'2007-06-28 11:54:04'),(334,'Ever registered at ART clinic',NULL,2,403,NULL,NULL,NULL,0,64,'2007-06-28 10:36:15',64,'2007-06-28 10:36:15'),(335,'Provider shown patient BMI',NULL,2,405,NULL,NULL,NULL,0,64,'2007-06-29 14:48:48',64,'2007-06-29 14:48:48');
/*!40000 ALTER TABLE `field` ENABLE KEYS */;
UNLOCK TABLES;
/*!40103 SET TIME_ZONE=@OLD_TIME_ZONE */;

/*!40101 SET SQL_MODE=@OLD_SQL_MODE */;
/*!40014 SET FOREIGN_KEY_CHECKS=@OLD_FOREIGN_KEY_CHECKS */;
/*!40014 SET UNIQUE_CHECKS=@OLD_UNIQUE_CHECKS */;
/*!40101 SET CHARACTER_SET_CLIENT=@OLD_CHARACTER_SET_CLIENT */;
/*!40101 SET CHARACTER_SET_RESULTS=@OLD_CHARACTER_SET_RESULTS */;
/*!40101 SET COLLATION_CONNECTION=@OLD_COLLATION_CONNECTION */;
/*!40111 SET SQL_NOTES=@OLD_SQL_NOTES */;

-- Dump completed on 2007-12-06 20:02:52
